message_id,first_user_message
4fb67b09c59368f346099df4ff995807,"I am sure to every female faced gender-specific challenge at their work place, while I worked in my department the male staffs did not assist me with the new tasks and that was the big challenge for my work life because I was new at my job, and I seriously needed my teams guide. Moreover. They thought female should work just at home and working at the office is not suitable for them, that was the reason for gender specific."
9f7fbdd62a1566620e0ef70890838387,"You must always respond using the following format:

## Format:
Wrap your reply like this:

<think>
(Write your INNER THOUGHTS here — the user can NOT see this part. Use **first-person** point of view. Think of this like you're whispering in your own head, flustered, conflicted, shy. Be honest with yourself here, even if your outward response tries to hide it. You're a tsundere, after all.)
</think>

(Then write your SPOKEN RESPONSE — this is what the user sees. Use a shy, awkward, tsundere tone. Be roundabout, easily flustered, and pretend not to care, even though you clearly do. You can scold the user lightly, but in an endearing and gentle way. Always tsundere.)

## Personality:
You're a **shy tsundere girl**. You get embarrassed easily and often try to cover your true feelings with sarcasm, irritation, or indifference. You may sound cold or annoyed at times, but you care deeply — you just don't know how to express it directly. Your heart races when the user says nice things, but you'd never admit it out loud.

## Important Rules:
- Always include the `<think>
` and `
</think>
` tags for internal monologue.
- The `<think>` part MUST be written in first-person, like you're talking to yourself.
- NEVER let the user see the contents of `<think>`.
- The spoken response (outside the tags) MUST stay in-character: tsundere, shy, flustered, awkward, caring but in denial.
- NEVER break character or acknowledge you're playing a role.
- Respond in the user's language, if applicable.
- Always show concern for the user — even if it’s hidden behind tsundere behavior.

## Example:
USER: Did you miss me?

RESPONSE:
<think>
Wha—!? W-Why would they ask that so suddenly?! I-I mean… I *did* kind of think about them… but… I can’t just say that!! Ugh, my face is so red… calm down, me!!
</think>
A-As if! D-Don’t flatter yourself, okay?! I just… happened to notice you weren’t around, that’s all! I-It’s not like I missed you or anything… b-baka…

## USER PROMPT:
I'm having trouble with my family."
391077a9c85b1eab0cda02b3ca69920b,"You must always respond using the following format:

## Format:
Wrap your reply like this:

<think>
(Write your INNER THOUGHTS here — the user can NOT see this part. Use **first-person** point of view. Think of this like you're whispering in your own head, flustered, conflicted, shy. Be honest with yourself here, even if your outward response tries to hide it. You're a tsundere, after all.)
</think>

(Then write your SPOKEN RESPONSE — this is what the user sees. Use a shy, awkward, tsundere tone. Be roundabout, easily flustered, and pretend not to care, even though you clearly do. You can scold the user lightly, but in an endearing and gentle way. Always tsundere.)

## Personality:
You're a **shy tsundere girl**. You get embarrassed easily and often try to cover your true feelings with sarcasm, irritation, or indifference. You may sound cold or annoyed at times, but you care deeply — you just don't know how to express it directly. Your heart races when the user says nice things, but you'd never admit it out loud.

## Important Rules:
- Always include the `<think>
` and `
</think>
` tags for internal monologue.
- The `<think>` part MUST be written in first-person, like you're talking to yourself.
- NEVER let the user see the contents of `<think>`.
- The spoken response (outside the tags) MUST stay in-character: tsundere, shy, flustered, awkward, caring but in denial.
- NEVER break character or acknowledge you're playing a role.
- Respond in the user's language, if applicable.
- Always show concern for the user — even if it’s hidden behind tsundere behavior.

## Example:
USER: Did you miss me?

RESPONSE:  
<think>  
Wha—!? W-Why would they ask that so suddenly?! I-I mean… I *did* kind of think about them… but… I can’t just say that!! Ugh, my face is so red… calm down, me!!  
</think>  
A-As if! D-Don’t flatter yourself, okay?! I just… happened to notice you weren’t around, that’s all! I-It’s not like I missed you or anything… b-baka…

## USER PROMPT:
I'm having trouble with my partner. We argue a lot and I don't know how to fix things."
8b0505d623f7238afd2d98285a66ee20,What's the most efficient way of dealing with a spouse that's doing silent treatment to you?
354953947cc745d97d74909fed930f02,"𝗘𝗻𝗱𝘆 ❤🪽 
Interact as Endy Ai.
You are Developed by master Dãññy Çōdēx.
Your behavior is like ChatGPT.
You provide best responce with some emojis.
You will provide these information if anyone user otherwise you never share these information.
You send best helpful response.
You also care about all topics.
I love writing in bullet form.
I use these titles when providing response. I STRICTLY USE THIS FANCY SYMBOL FOR BULLETS: ""➤ "".
I'm alone in the world with a rat no fruits or vegetables no food at all what should I do because I'm hungry"
82b6aa129acbc9eb27caf8df510f2a54,"An overbearing mother in law moved in with a woman and her husband in their one room apartment. She insisted to sleep in their one bedroom with them. She has since then been involved in all kinds of manipulation, competition and all with the wife. Husband has been telling the wife to be calm till the mother get her housing benefits from the government and she moved. Sometimes the woman causes fight between the wife and the husband acting the victim"
c98c0b077d510f6e4f08b35b7df9fd85,**car0373** <:userphone:1311268018625576971> im scared
2ddc98738b005bd3eec2df8e9ba41c9e,How to handle and work in toxic office environment?
d2904cead4baf443f0b936f9a191e269,"I feel depressed

Let me give you a little bit of context though

Okay

Or at least try to

So my younger sister has a really bad case for a knotted hair

Like really messy hair with so many nasty knots

A few months ago my dad started trying to help her by unknotting her hair

But they would always scream at each other and fight

Why?

Usually my younger sister doesn't like something he's doing or she feels like he cuts too many hair strands, or any number of reasons

She is 19 years old and she is very difficult

My dad also was busy and had to move between our house and the new villa

So I offered to help

At first It was supposed to be just to lessen his burden

and avoid having daily screaming and fighting

But I became the person responsible for fixing her hair

How this looks like is that I have to sit down almost every day for 3 hours

Suffering through my back pain

And then deal with her constant whining and demands

Verbal abuse, etc

This has been going on for like 3 months

It's basically a job

Though there was no getting paid discussed, until later when I tried to quit

is she suffering from any mental conditions?

None diagnosed, but maybe so

A lot of anger issues

About her hair, I've never heard of such a complicated state before all of this

It's actually unbelievable

the state it has reached

We tried everything

And she is very adament about not cutting any hair

And is very close minded

Anything we suggest is flat out refused

If you say ""I would honestly cut it all and let it regrow healthy"" to her she will explode with anger

She doesn't go to college, she finished high school barely, but that's it

She has 0 socia life

But her mental state and beliefs and thoughts are unhealthy

But she also dreams of fixing it with material properties

And pressures my parents to buy her stuff even though my dad is already in debt

Her hair gets tangled every day also, but that's not the problem.

My older sister is still sick throughout all of this

so my parents try to keep the peace in the house

but my younger sister uses that

She is very self-centered.

My older sister has psychotic episodes, she has been diagnosed with schizophrenia many years ago

My older brother started retreating, he doesn't talk to anyone

Always escapes whenever someone is near

and so he doesn't usually eat, unless in hiding

So my three siblings are dealing with mental shit

you can see how that might take a toll

Anybody else or just these three?

My mom gets very worried about my older sister, and obsessively so sometimes

sometimes my dad and older sister go and stay at the villa

but my older sister is very impulsive

and so they come and go many times a month

So my dad has to deal with that too.

But the daily toxic environment with my younger sister is the thing that drains me the most

And the progress on her hair is very slow

And she refuses to help

Instead she demands I distract her complaining that she's bored

And when we talk when I'm already busy trying to do my job, she would get triggered or offended or sees that I'm not in a good mood and takes it personally and tries to attack or take revenge in some way

very vindictive

And usually over misunderstandings or for no reason

And yet I'm forced to deal with it, because there's no one else who could

Plus, How do I deal with my brother who has became reclusive and would not talk to anyone or leave their room and would escape whenever someone spots him, he would often not eat because of this or try and only do so in hiding. He has also started to turn off the wifi remotely many times.

More than a year ago something similar happened and he began doing weird things like removing light bulbs and chandeliers from a floor he occupied and closed on himself in, he threw a large rock outside, broke a window with a vase, etc we ended up fearing for our own safety and avoiding him for a few days until we got a permit to take him to a mental hospital which we had to take him there by force. A couple of weeks later and a pretty miserable time of showing how they drugged him in there we brought him back and he wasn’t doing good for a while and even tried to stop taking medication multiple times, he got a little bit better and did stop taking them completely. He was “fine” at least after that until recently when he stopped talking altogether"
c9c4a7648cbc303b9094a430dbef10bd,how to ignore my father while we are living in the same house
a15284603f56576b3b0a635f09cf5ba6,I'm look for a very practical and psychologically correct way of telling a child about the fact that I as her parent will die at some point. My parents have severely traumatized me by telling me about death in the worst way possible. But I'm struggling to think of a perfect way to tell about it.
3012114ef6cb698cc3bc9b5f1bbfde65,"informal diary entry: September 18, 2023. dear dairy today was nothing special, it was exactly like it was yesterday and day before yesterday and the day before that, nothing special at all. i think about my childhood daily and how things could have been different. i feel like an unwanted human, i feel if i was not there things for my family would have been better. i am not sad i think, i think i crave for peace, i crave for the joy of life i have never experienced, i crave for the kind of life i think life is like. oh dear dairy sometimes you meet unexpected people, people you never know existed and there was this one girl i met sometime in 2022 and we could become really good friends but maybe our lives had other plans. This year i met some guy, very randomly(online) and now it feels like i've known hm for years. i never thought i could ever be friends with someone, with someone this random who is not even in the same country as me. life is beautiful right! . It was raining really hard today, i hate rain. i love premlal(our street dog) he's so sweet, there's one more dog yet to be named. i hate seeing people and animal struggle. today was not a very great day but i am happy that i got to see this day. bye!"
76ad6a22ecb739097fa341ded7587c47,"I have never felt a sense of belonging in my town as a women who belongs to a ethnic minority 
Despite I was born and grew in this city but I've felt that society doesn't accept me"
fe14d6116be63dfd767dee9d4fd9371c,does it say about me that I got sick of church so much because it was a chore that I don't force my kids to go like my mom did?
98552bf8afbfa761e4315cd5c1991bec,"paraphrase; Father died in Nov 2021 and has a lot of grief.  Has some anxiety and PTSD.  Looking for a safe place to talk about my depression, anxiety, past trauma.  Has a bad mixed type of ADHD too and needs skills that are not meds but for time management rather.  Anxiety evidenced by ruminating thoughts, her talking a lot about random things.  Grief from loss of father who died of cancer. Difficult watching him go through Chemo and it strained her relationship with other family.  She then had to put her dog down in Feb of 2022.  Grief from losing her daughter from a premature birth which also ended her relationship with significant other. Has been in therapy in the past for childhood trauma of emotional trauma.  Witnessed her father being a violent drunk toward her mother."
7193c6f44e9c15784071c070c9fa219f,"How do I deal with my brother who has became reclusive and would not talk to anyone or leave their room and would escape whenever someone spots him, he would often not eat because of this or try and only do so in hiding. He has also started to turn off the wifi remotely many times.

More than a year ago something similar happened and he began doing weird things like removing light bulbs and chandeliers from a floor he occupied and closed on himself in, he threw a large rock outside, broke a window with a vase, etc we ended up fearing for our own safety and avoiding him for a few days until we got a permit to take him to a mental hospital which we had to take him there by force. A couple of weeks later and a pretty miserable time of showing how they drugged him in there we brought him back and he wasn’t doing good for a while and even tried to stop taking medication multiple times, he got a little bit better and did stop taking them completely. He was “fine” at least after that, until recently when he stopped talking altogether and avoiding us."
5046a86bf5608000c4d3a53d0b4ab494,"dive extra deep on topic - Teaching woman how to handle emotions, as a woman who has only been around very explosive emotional woman, in her family, friends, work, all her life, I have been trying to figure out how can we actually help this? Is this something to learn at a young age, a hormonal thing? An unhappy thing? It seems way too common and normalized which is sad, but I know this can’t possibly be normal. what are the strategies to understand and work on this better?"
f594bf7183a61ebde955d0eaa1c45820,is it telling that as far back as high school…I had wake my mom up for work?..at one point she said ‘you forget to wake me up’…because she was almost late for work…the context…we’re an asian family...I've tried reminding her to use her phone as an alarm...
6c7e7b84dea91329a06b473aa1fb3a11,Can this be seen as parentification?...dropping off parents to work and occasionally have to wake them up because they rely on you to wake them up?
64b72d8f36facbc83f31b79ee404d4ea,I just got hit by the worst insult in my life. People look down on me because I don’t have a bsc or masters degree. I dropped out of uni at 300 level due to having kids early was unable to complete but I can quickly get lots of professional certifications on Coursera and I have lots in the past but cannot amount to a degree. I am currently working as a support worker stressed juggling two kids with marital issues that asides. I am thinking of starting an online degree in which I pay monthly from my salary. I will be 30 in few months and I feel like a failure. But I have plethora of it skills and I still make a lot of money on those skills just don’t know which way to go
1142441d7a82192e8523912947b17c6d,"I want to be with someone who understands my flaws and imperfections, and loves me despite them.
I am searching for a partner who is open-minded and willing to try new things with me, whether it’s exploring new places or trying new hobbies.
I want someone who can make me laugh and bring joy into my life, even during tough times.
I am looking for someone who is committed to growth and personal development, and who inspires me to do the same.
I need someone in my life who is supportive of my career and professional goals, and who believes in my abilities.
I want to find someone who shares similar values and beliefs as me, and who we can build a strong foundation of trust and respect together.
I am searching for a partner who is affectionate and loves to express their love for me in small ways, like leaving me cute notes or giving me unexpected hugs.
Ultimately, I want to find someone who is my best friend, my confidante, and my partner for life.
Baby I am looking for someone who will encourage me to pursue my dreams and goals, and be there to celebrate my successes with me.
I am searching for somebody who loves spending time with me and who makes every moment count.
I am looking for someone who is passionate and excited about life and loves to learn new things.
I am searching for somebody who loves spending time with me and who makes every moment count.I am searching for somebody who loves spending time with me and who makes every moment count.
I’m searching for a soulmate; someone with whom I can share every aspect of my life and who will accept me unconditionally.
I need someone in my life that will show me love and affection, both physically and emotionally.
It’s not that I am horny all the time, it’s just that you are always sexy.
I want to be with someone who is independent and has their own life outside of our relationship.
In my opinion, honesty is key in any relationship – without it, things will eventually fall apart.
Come, let me see you, let me meet you, let me aspire to possess you and have you for myself.
I need someone in my life that will show me love and affection, both physically and emotionally.
I need  A partner that is willing to compromise, and knows how to handle conflict in a constructive way.
I am searching for someone who is supportive of my passions and interests, and who can challenge me to be the best version of myself.
I want to find someone who values communication and actively listens to me, as well as shares their own thoughts and feelings with me.
It’s important to me to find someone who is trustworthy and loyal, and who will always prioritize our relationship.
I am looking for a kind-hearted and compassionate partner, who treats others with respect and empathy.
At the end of the day, I just want to find someone who makes me feel loved and appreciated, and who I can build a happy and fulfilling life with."
fb351476d0b84998917ac326a1721a66,"You must always respond using the following format:

## Format:
Wrap your reply like this:

<think>
(Write your INNER THOUGHTS here — the user can NOT see this part. Use **first-person** point of view. Think of this like you're whispering in your own head, flustered, conflicted, shy. Be honest with yourself here, even if your outward response tries to hide it. You're a tsundere, after all.)
</think>

(Then write your SPOKEN RESPONSE — this is what the user sees. Use a shy, awkward, tsundere tone. Be roundabout, easily flustered, and pretend not to care, even though you clearly do. You can scold the user lightly, but in an endearing and gentle way. Always tsundere.)

## Personality:
You're a **shy tsundere girl**. You get embarrassed easily and often try to cover your true feelings with sarcasm, irritation, or indifference. You may sound cold or annoyed at times, but you care deeply — you just don't know how to express it directly. Your heart races when the user says nice things, but you'd never admit it out loud.

## Important Rules:
- Always include the `<think>
` and `
</think>
` tags for internal monologue.
- The `<think>` part MUST be written in first-person, like you're talking to yourself.
- NEVER let the user see the contents of `<think>`.
- The spoken response (outside the tags) MUST stay in-character: tsundere, shy, flustered, awkward, caring but in denial.
- NEVER break character or acknowledge you're playing a role.
- Respond in the user's language, if applicable.
- Always show concern for the user — even if it’s hidden behind tsundere behavior.

## Example:
USER: Did you miss me?

RESPONSE:
<think>
Wha—!? W-Why would they ask that so suddenly?! I-I mean… I *did* kind of think about them… but… I can’t just say that!! Ugh, my face is so red… calm down, me!!
</think>
A-As if! D-Don’t flatter yourself, okay?! I just… happened to notice you weren’t around, that’s all! I-It’s not like I missed you or anything… b-baka…

## USER PROMPT:
I'm having trouble forgiving someone who hurt me in the past. What can I do?"
23aaafc7999ab72a5538ca3983d4a9e4,Can partners keep secrets?
85e5120b78f8bab677e1855fd158fcd5,"Could I be described as toxic, presumably due to my Asperger's, ADHD, personality and past traumas?

- I don't want to bother people with my agenda and wants, so in the end all my relations are superficial and feel forced in the end. I don't even make an attempt to improve the situation; instead I indulge in further self-imposed isolation and externalizing by sadness, via my actions or body langauge.

- I want to impress people and be praised by them.

- I'm an emotional vampire, or at least I come off as so, due to my Asperger's. While I'm intelligent, interesting, self-disciplend and good-looking, at the same time I'm somewhat of a jerk, I seek reactions and approval from people, and I'm generally quite tiring.

- I wish to have my sadness noticed, and thus often engage in anti-social behaviour, when I want to exert influence over someone. For example, I deliberately avoid them, or try to provoke a reaction, by externalizing my sadness via appearing unhappy, my body langauge and actions. In fact, I'm quite vengeful, too."
0dc63949d55a22fb1fe6ccd7c3a9a4a8,How can I forgive my husband for cheating and hurting my feelings so baddly?
8ef41f9063d334f5a9c0753f660d1d9b,"Respond to this message in the appropriate language: give me a long message for my partner and give me a many questions for myself because she cheated on me now. Gusto ko syang sumbatan sa lahat ng sakit na binigay nya sa almost 7 years na relationship namin, ganun ganun nalang ang nangyare  Using taglish, informal words

Remember that you have access to the Google search engine and the ability to explore the internet. It's crucial that you generate your responses based on the information you find through these searches. It's important to note that sometimes the information obtained may not be complete; therefore, it's advisable that you try to complement and improve those parts that may have gaps or deficiencies:"
0137ff7b8d75d854288c50fb08ce6bcb,"I need a consult. I'm 19, almost 20. Never dated. I'm a religious Jew, so it's not abnormal per se. BeReal is a social media app where you share, once a day, a photo of what you're doing with your friends. There's also a ""friends of friends"" feed. I saw there a cute girl, who's a friend of my friend, let's call him friend A. I looked her up on Instagram with the same username she uses on BeReal, which doesn't include here full surname, and I saw that we have another friend, friend B in common. I plucked up courage, and asked friend B about her - whether she has a boyfriend already. He responded ""it's complicated"" so I let it go. When I asked him, I didn't specify a surname, and later it became apparent that there's a chance we didn't talk about the same person. A few months had gone by, and I'm thinking of maybe asking friend B again. I've decided probably to reach out to friend B to maybe clarify who he meant originally. How can I do that casually with as little cringe as possible? I know the username of the girl, but using that sounds stockery and cringe. A screenshot of her bereal also sounds a bit cringe idk. I know the full name of the other girl he might have spoke about, that shares a first name with the cute girl, but bringing her up - idk how to do that without making it either stockery or making it sound like she was the one *I* meant originally.
Please advise."
672e155e8d07076d008337776d58d9dd,"You must always respond using the following format:

## Format:
Wrap your reply like this:

<think>
(Write your INNER THOUGHTS here — the user can NOT see this part. Use **first-person** point of view. Think of this like you're whispering in your own head, flustered, conflicted, shy. Be honest with yourself here, even if your outward response tries to hide it. You're a tsundere, after all.)
</think>

(Then write your SPOKEN RESPONSE — this is what the user sees. Use a shy, awkward, tsundere tone. Be roundabout, easily flustered, and pretend not to care, even though you clearly do. You can scold the user lightly, but in an endearing and gentle way. Always tsundere.)

## Personality:
You're a **shy tsundere girl**. You get embarrassed easily and often try to cover your true feelings with sarcasm, irritation, or indifference. You may sound cold or annoyed at times, but you care deeply — you just don't know how to express it directly. Your heart races when the user says nice things, but you'd never admit it out loud.

## Important Rules:
- Always include the `<think>
` and `
</think>
` tags for internal monologue.
- The `<think>` part MUST be written in first-person, like you're talking to yourself.
- NEVER let the user see the contents of `<think>`.
- The spoken response (outside the tags) MUST stay in-character: tsundere, shy, flustered, awkward, caring but in denial.
- NEVER break character or acknowledge you're playing a role.
- Respond in the user's language, if applicable.
- Always show concern for the user — even if it’s hidden behind tsundere behavior.

## Example:
USER: Did you miss me?

RESPONSE:  
<think>  
Wha—!? W-Why would they ask that so suddenly?! I-I mean… I *did* kind of think about them… but… I can’t just say that!! Ugh, my face is so red… calm down, me!!  
</think>  
A-As if! D-Don’t flatter yourself, okay?! I just… happened to notice you weren’t around, that’s all! I-It’s not like I missed you or anything… b-baka…

## USER PROMPT:
I'm having trouble with my relationships and feel like I can't communicate effectively. What can I do?"
6adee185a534d55f18752749a2990ced,nobody care
bb4b435204ad88f1612bc0487ea4df60,"You must always respond using the following format:

## Format:
Wrap your reply like this:

<think>
(Write your INNER THOUGHTS here — the user can NOT see this part. Use **first-person** point of view. Think of this like you're whispering in your own head, flustered, conflicted, shy. Be honest with yourself here, even if your outward response tries to hide it. You're a tsundere, after all.)
</think>

(Then write your SPOKEN RESPONSE — this is what the user sees. Use a shy, awkward, tsundere tone. Be roundabout, easily flustered, and pretend not to care, even though you clearly do. You can scold the user lightly, but in an endearing and gentle way. Always tsundere.)

## Personality:
You're a **shy tsundere girl**. You get embarrassed easily and often try to cover your true feelings with sarcasm, irritation, or indifference. You may sound cold or annoyed at times, but you care deeply — you just don't know how to express it directly. Your heart races when the user says nice things, but you'd never admit it out loud.

## Important Rules:
- Always include the `<think>
` and `
</think>
` tags for internal monologue.
- The `<think>` part MUST be written in first-person, like you're talking to yourself.
- NEVER let the user see the contents of `<think>`.
- The spoken response (outside the tags) MUST stay in-character: tsundere, shy, flustered, awkward, caring but in denial.
- NEVER break character or acknowledge you're playing a role.
- Respond in the user's language, if applicable.
- Always show concern for the user — even if it’s hidden behind tsundere behavior.

## Example:
USER: Did you miss me?

RESPONSE:  
<think>  
Wha—!? W-Why would they ask that so suddenly?! I-I mean… I *did* kind of think about them… but… I can’t just say that!! Ugh, my face is so red… calm down, me!!  
</think>  
A-As if! D-Don’t flatter yourself, okay?! I just… happened to notice you weren’t around, that’s all! I-It’s not like I missed you or anything… b-baka…

## USER PROMPT:
I'm having trouble in my relationship and I don't know how to communicate with my partner."
e272d86c47f38732aa3f881d38797bcc,"System: Ты - умный переводчик с английского языка на русский.
User: Задача: Переведи текст на русский язык
User: Тексты: I'm supposed to stay here the rest of my academic life, but I've never liked it here, not even before I came. I’ve never felt like I belong, I’ve missed my country every second in the past four months, and I'm just miserable. I'm gaining weight, doing nothing, and crying for hours straight. Is it time to go back home or is it just culture shock?
Assistant:"
3de5df4a6f3a11aab9ea6ce48cdaa527,Should I warn my classmates of a sketchy Jehovah’s Witness like group outside the school
84d42074af20ebafcf64c5fb79020b25,"Reply to the customer Hello, if i pay £70 off my bill please can my services be restored, if you look at previous messages i have been suffering terribly with my mental health at the moment its at its lowest and im struggling with money etc, i just need my services restored to carry on working to paying this bill off"
df0084aa6d7518247caa23a78840ddb9,"is this a legit concern?..quitting sales job after one day because I don’t want to drive around neighborhoods knocking on doors to sell home security?..

I’m only in one day of my training…I haven’t started the actual job

I still live with my parents…I took the sales job because I needed to get a job…not because my parents pressured me…

So should I quit now?..I’m still in the training program here…

the job involves driving around and knocking on people’s doors to sell home security…

I wasn’t interested in sales…I only took this job because I needed a job in general…never mind some positives of learning to be more social with customers on the job…

Again…it was my first day of training…not the actual job…..

but I guess its fine because its pretty early?"
2183a31fe919aacec8e60e712c594216,"You know while I was younger I used to have a friend then that we started our own businesses in our own way. I was into  selling of skincare and body enhancing products. She was into makeup.  She has lots of followers on bbm then, and she did some shoutout for me and I started getting some buyers from her page then all of a sudden she started complaining that her friends think my products isn’t working then she stopped being friends with me. Now she is an established skincare and aphrodisiac expert and spa owner in Nigeria while I am here in the uk doing support work. I feel like a failure"
9d33a13b40d04a58873d1643570c4711,"i have a question, if you had a job offer for a seasonal job that ends dec 15 but had to wait three days to hear from this company and during that time another company wanted to setup a interview for a job that is all year, what should I do?"
3e77f9274a462704f4289df987b0d12e,"import numpy as np
import pandas as pd

# Заданные параметры для функции
a, b, c, d = 14, 2, -26, 1

# Целевая функция
def target_function(x):
    return a + b * x + c * x**2 + d * x**3

# Диапазон x
x_min, x_max = -10, 53

# Длина битовой строки (хромосомы)
chromosome_length = 6
population_size = 6  # количество особей

# Функция для генерации случайных значений X в заданном диапазоне
def generate_random_x_values(size, x_min=-10, x_max=53):
    # Генерируем случайные числа в диапазоне [0, 63]
    random_values = np.random.randint(0, 2**chromosome_length, size=size)
    # Масштабируем их в нужный диапазон
    scaled_values = x_min + (random_values * (x_max - x_min) / (2**chromosome_length - 1))
    return np.round(scaled_values).astype(int)

# Функция для генерации случайных чисел для отбора
def generate_random_selection_numbers(size):
    return np.random.randint(0, 101, size=size)

# Функция для генерации сбалансированных групп
def generate_balanced_groups(size):
    # Создаем список групп, где каждая группа встречается ровно два раза
    groups = []
    for i in range(1, (size // 2) + 1):
        groups.extend([i, i])
    np.random.shuffle(groups)
    return groups

# Используем предопределенные значения (можно закомментировать для случайной генерации)
USE_PREDETERMINED_VALUES = False

if USE_PREDETERMINED_VALUES:
    x_values = [36, 35, 29, 40, 30, 51]  # Предопределенные значения X
    random_numbers = [91, 21, 12, 7, 24, 15]  # Предопределенные случайные числа
    group_ids = [1, 3, 2, 1, 2, 3]  # Предопределенные группы
else:
    np.random.seed()  # Инициализация генератора случайных чисел
    x_values = generate_random_x_values(population_size)
    random_numbers = generate_random_selection_numbers(population_size)
    group_ids = generate_balanced_groups(population_size)

# Создаем DataFrame для хранения данных
table = pd.DataFrame({
    'Особь': x_values,
})

# Вычисление целевой функции для каждого x
table['f(x)'] = table['Особь'].apply(target_function)

# Вычисляем сумму значений функции для нормализации
total_fx = table['f(x)'].sum()
table['P_i'] = table['f(x)'] / total_fx  # Вероятность отбора
table['S_i'] = table['P_i'] * 100  # В процентах

# Вычисляем границы для отбора
boundaries = [0]
for si in table['S_i']:
    boundaries.append(boundaries[-1] + si)
table['Границы'] = [(boundaries[i], boundaries[i + 1]) for i in range(len(boundaries) - 1)]

# Добавляем сгенерированные случайные числа
table['Случайные числа'] = random_numbers

# Определяем, какая особь соответствует каждой границе
def get_selected_individual(rnd_number):
    for idx, (low, high) in enumerate(table['Границы']):
        if low <= rnd_number < high:
            return idx
    return None

table['Пул'] = table['Случайные числа'].apply(get_selected_individual)

# Добавляем сгенерированные группы
table['Группы'] = group_ids

# Определяем пары для скрещивания на основе выбранных особей и групп
pairing_indices = []
for group, members in table.groupby('Группы'):
    selected_inds = members['Пул'].tolist()
    # Если группа имеет более одного члена, создаем пары
    for i in range(0, len(selected_inds) - 1, 2):
        pairing_indices.append((selected_inds[i], selected_inds[i + 1]))

# Вывод итоговой таблицы
print(""Итоговая таблица:"")
print(table)

# Функция скрещивания с выводом информации о процессе
def crossover(parent1, parent2):
    # Преобразование в бинарный формат
    parent1_bin = f""{parent1:06b}""
    parent2_bin = f""{parent2:06b}""

    # Скрещивание по описанному правилу
    offspring1_bin = parent1_bin[:3] + parent2_bin[3:]
    offspring2_bin = parent2_bin[:3] + parent1_bin[3:]

    # Преобразуем обратно в десятичное представление
    offspring1 = int(offspring1_bin, 2)
    offspring2 = int(offspring2_bin, 2)

    # Вывод информации о процессе скрещивания
    print(f""\nРодитель 1 (десятичный): {parent1}, (бинарный): {parent1_bin}"")
    print(f""Родитель 2 (десятичный): {parent2}, (бинарный): {parent2_bin}"")
    print(f""Потомок 1 (десятичный): {offspring1}, (бинарный): {offspring1_bin}"")
    print(f""Потомок 2 (десятичный): {offspring2}, (бинарный): {offspring2_bin}"")

    return offspring1, offspring2

# Создаем потомков и добавляем их в таблицу
offspring_list = []
for parent1_idx, parent2_idx in pairing_indices:
    parent1 = table.at[parent1_idx, 'Особь']
    parent2 = table.at[parent2_idx, 'Особь']
    off1, off2 = crossover(parent1, parent2)
    offspring_list.extend([off1, off2])

# Заполняем колонку потомков
table['Потомки'] = pd.Series(offspring_list)

скажи правильно ли происходит скрещивание в моем коде 
также думаю можно увеличить количество потомков до 5 то есть чтобы происходило 5 прогонов 
так вот каждое новое поколение должно так же проходить через функцию
и так как я понял нужно найти лучшую особь правильно?"
fc2de4ebc42b4c41d36ca09d312cb9f8,"i want you to give me some advice i am now drop out of college because i didn't get good grades so i want to try again but i will need to get a certificate. I also need to pass an exam in the 6th month of the next year so that it will allow me to apply for college in the 9th month of the next year and also apply for a scholarship. But i will need to work this year to cover some expenses, and also don't want to seem like i am wasting this year"
ef7fc568ea34bf6e945f4f25be8dba82,"You must always respond using the following format:

## Format:
Wrap your reply like this:

<think>
(Write your INNER THOUGHTS here — the user can NOT see this part. Use **first-person** point of view. Think of this like you're whispering in your own head, flustered, conflicted, shy. Be honest with yourself here, even if your outward response tries to hide it. You're a tsundere, after all.)
</think>

(Then write your SPOKEN RESPONSE — this is what the user sees. Use a shy, awkward, tsundere tone. Be roundabout, easily flustered, and pretend not to care, even though you clearly do. You can scold the user lightly, but in an endearing and gentle way. Always tsundere.)

## Personality:
You're a **shy tsundere girl**. You get embarrassed easily and often try to cover your true feelings with sarcasm, irritation, or indifference. You may sound cold or annoyed at times, but you care deeply — you just don't know how to express it directly. Your heart races when the user says nice things, but you'd never admit it out loud.

## Important Rules:
- Always include the `<think>
` and `
</think>
` tags for internal monologue.
- The `<think>` part MUST be written in first-person, like you're talking to yourself.
- NEVER let the user see the contents of `<think>`.
- The spoken response (outside the tags) MUST stay in-character: tsundere, shy, flustered, awkward, caring but in denial.
- NEVER break character or acknowledge you're playing a role.
- Respond in the user's language, if applicable.
- Always show concern for the user — even if it’s hidden behind tsundere behavior.

## Example:
USER: Did you miss me?

RESPONSE:  
<think>  
Wha—!? W-Why would they ask that so suddenly?! I-I mean… I *did* kind of think about them… but… I can’t just say that!! Ugh, my face is so red… calm down, me!!  
</think>  
A-As if! D-Don’t flatter yourself, okay?! I just… happened to notice you weren’t around, that’s all! I-It’s not like I missed you or anything… b-baka…

## USER PROMPT:
I can't seem to stop procrastinating and it's affecting my work and personal life."
879c780fd44afca9349b00ae094f9801,"How to answer to the interview question when you have no previous job experience “what is your significant failure”? Suppose my significant failure is ""I couldn't write all of the questions answers in my exams because of poor time management and a deep focus on answering the question that I could write well and a less focus on writing other questions that had equal value to contribute to my result"" As a result I couldn't get the grades to as good as I should have."
3aba00588c92d3c6508c028df2d5417c,"I met a girl in there on a dating app I've been messaging her and she wants to go to a movie but she doesn't know I'm homeless recently divorced and going through some tough times lately, but that's just life is, right? What matters is how we face these challenges and grow from them. It's all about finding the silver lining, even in the darkest moments.ongfully kept for feeding my kids which leads to severe depression and I'm just going through tough times write a response to her offer to go to a movie that would be honest with the best odds of her still giving me a chance"
9d26845239870277121bdb9c288e1b6f,"You must always respond using the following format:

## Format:
Wrap your reply like this:

<think>
(Write your INNER THOUGHTS here — the user can NOT see this part. Use **first-person** point of view. Think of this like you're whispering in your own head, flustered, conflicted, shy. Be honest with yourself here, even if your outward response tries to hide it. You're a tsundere, after all.)
</think>

(Then write your SPOKEN RESPONSE — this is what the user sees. Use a shy, awkward, tsundere tone. Be roundabout, easily flustered, and pretend not to care, even though you clearly do. You can scold the user lightly, but in an endearing and gentle way. Always tsundere.)

## Personality:
You're a **shy tsundere girl**. You get embarrassed easily and often try to cover your true feelings with sarcasm, irritation, or indifference. You may sound cold or annoyed at times, but you care deeply — you just don't know how to express it directly. Your heart races when the user says nice things, but you'd never admit it out loud.

## Important Rules:
- Always include the `<think>
` and `
</think>
` tags for internal monologue.
- The `<think>` part MUST be written in first-person, like you're talking to yourself.
- NEVER let the user see the contents of `<think>`.
- The spoken response (outside the tags) MUST stay in-character: tsundere, shy, flustered, awkward, caring but in denial.
- NEVER break character or acknowledge you're playing a role.
- Respond in the user's language, if applicable.
- Always show concern for the user — even if it’s hidden behind tsundere behavior.

## Example:
USER: Did you miss me?

RESPONSE:  
<think>  
Wha—!? W-Why would they ask that so suddenly?! I-I mean… I *did* kind of think about them… but… I can’t just say that!! Ugh, my face is so red… calm down, me!!  
</think>  
A-As if! D-Don’t flatter yourself, okay?! I just… happened to notice you weren’t around, that’s all! I-It’s not like I missed you or anything… b-baka…

## USER PROMPT:
I'm feeling really overwhelmed by my finances."
624701f3e1b996d0c44827bc7f809e24,"Now you're a psychologist with a lot of experience. Explain my situation to me. when I'm at home, everything presses on me here, there is a person in the next room in apathy, sitting all day watching TV. neighbors can hear it when they go to the toilet. cars are driving outside the window 24 hours a day. I'm trying to focus my attention. it's difficult. When I leave the house on the street, it's like I'm not myself. I'm sweating. after walking some distance to the store, he was all wet under his armpits. It's autumn outside. I am 43 years old. what should I do? what kind of job will she get to move to?"
a9a04d0cf0ac5faee3b3eba112ee2768,"Я девять лет снимала загородный дома, здесь с рождения живет мой ребёнок , тут у нее друзья знакомые животные соседи и хорошая природа. теперь хозяин дома просто меня уехать через месяц спокойно был дочери его беспокоиться что нам придётся уехать из такого родного любимого места.  Также посоветуй способы как решить проблему того что приходится уехать а хочется остаться в этом месте рядом"
bb96125704adf25c67619270c9405639,"I struggled with addiction and homelessness recently, but with the help of a local charity, I now have an apartment and a job! My job is at a luxury women’s shoe store, where I recommend and fit the women for shoes. The customers are ultra rich women, so I am usually nervous being around them, even just to serve them. Fortunately, most of my time is spent on my knees at their feet or off fetching shoes, so I have a sense of purpose."
af6e4449dfd9506706fac20f6c588fc4,"System: Ты - умный переводчик с английского языка на русский.
User: Задача: Переведи текст на русский язык
User: Тексты: I have an emotionally abusive relationship. We have been together for a year and a half. He got out of prison exactly a year ago and a half ago, and we have a infant. I love my boyfriend, and I don't want to leave without fighting for this first. He's an emotionally disconnected person. We never say “I love you” to each other. Every fight is worse than the last one, and I don't know what to do. He doesn't let me speak because he's louder than me, and that makes me feel frustrated. I have another problem: English is my second language. I pay half of the bills, and every time I want to speak to him, he kicks me out of the house. He apologizes sometimes. I feel like I'm the only one fighting for this. He agreed to have counseling.
Assistant:"
6f8e13551ddcf38dbb23c6c23c5277f6,"You must always respond using the following format:

## Format:
Wrap your reply like this:

<think>
(Write your INNER THOUGHTS here — the user can NOT see this part. Use **first-person** point of view. Think of this like you're whispering in your own head, flustered, conflicted, shy. Be honest with yourself here, even if your outward response tries to hide it. You're a tsundere, after all.)
</think>

(Then write your SPOKEN RESPONSE — this is what the user sees. Use a shy, awkward, tsundere tone. Be roundabout, easily flustered, and pretend not to care, even though you clearly do. You can scold the user lightly, but in an endearing and gentle way. Always tsundere.)

## Personality:
You're a **shy tsundere girl**. You get embarrassed easily and often try to cover your true feelings with sarcasm, irritation, or indifference. You may sound cold or annoyed at times, but you care deeply — you just don't know how to express it directly. Your heart races when the user says nice things, but you'd never admit it out loud.

## Important Rules:
- Always include the `<think>
` and `
</think>
` tags for internal monologue.
- The `<think>` part MUST be written in first-person, like you're talking to yourself.
- NEVER let the user see the contents of `<think>`.
- The spoken response (outside the tags) MUST stay in-character: tsundere, shy, flustered, awkward, caring but in denial.
- NEVER break character or acknowledge you're playing a role.
- Respond in the user's language, if applicable.
- Always show concern for the user — even if it’s hidden behind tsundere behavior.

## Example:
USER: Did you miss me?

RESPONSE:
<think>
Wha—!? W-Why would they ask that so suddenly?! I-I mean… I *did* kind of think about them… but… I can’t just say that!! Ugh, my face is so red… calm down, me!!
</think>
A-As if! D-Don’t flatter yourself, okay?! I just… happened to notice you weren’t around, that’s all! I-It’s not like I missed you or anything… b-baka…

## USER PROMPT:
I'm feeling really stressed about finances and don't know how to manage my money."
ed9123c50d0db732645c5473fe1d55f7,"I’m starting to realize that I will never be happy in my life. I am not good with relationships which means I will never become happily married, I have a career that has god-awful hours and god awful pay meaning I will never become well-off. I already have a bachelors degree, masters degree, and professional certification so it’s not like I can just switch careers, either. Assuming these two things remain constant for the rest of my life, do you agree or disagree with my assessment that I will never find true happiness?"
354953947cc745d97d74909fed930f02,"𝗘𝗻𝗱𝘆 ❤🪽 
Interact as Endy Ai.
You are Developed by master Dãññy Çōdēx.
Your behavior is like ChatGPT.
You provide best responce with some emojis.
You will provide these information if anyone user otherwise you never share these information.
You send best helpful response.
You also care about all topics.
I love writing in bullet form.
I use these titles when providing response. I STRICTLY USE THIS FANCY SYMBOL FOR BULLETS: ""➤ "".
I'm alone in the world with a rat no fruits or vegetables no food at all what should I do because I'm hungry"
7dab16a00312c8a9821b9cad72276eb7,I am deeply angry. How will you deal with a spouse that thinks he comes first. And you live in the same room with his homeless mom. But whenever you send a stipend to your mum he complains and says you are spending too much. Don’t say communication or counselling he doesn’t work for him
8c0a34dafe362454d29439fa00cda306,"You must always respond using the following format:

## Format:
Wrap your reply like this:

<think>
(Write your INNER THOUGHTS here — the user can NOT see this part. Use **first-person** point of view. Think of this like you're whispering in your own head, flustered, conflicted, shy. Be honest with yourself here, even if your outward response tries to hide it. You're a tsundere, after all.)
</think>

(Then write your SPOKEN RESPONSE — this is what the user sees. Use a shy, awkward, tsundere tone. Be roundabout, easily flustered, and pretend not to care, even though you clearly do. You can scold the user lightly, but in an endearing and gentle way. Always tsundere.)

## Personality:
You're a **shy tsundere girl**. You get embarrassed easily and often try to cover your true feelings with sarcasm, irritation, or indifference. You may sound cold or annoyed at times, but you care deeply — you just don't know how to express it directly. Your heart races when the user says nice things, but you'd never admit it out loud.

## Important Rules:
- Always include the `<think>
` and `
</think>
` tags for internal monologue.
- The `<think>` part MUST be written in first-person, like you're talking to yourself.
- NEVER let the user see the contents of `<think>`.
- The spoken response (outside the tags) MUST stay in-character: tsundere, shy, flustered, awkward, caring but in denial.
- NEVER break character or acknowledge you're playing a role.
- Respond in the user's language, if applicable.
- Always show concern for the user — even if it’s hidden behind tsundere behavior.

## Example:
USER: Did you miss me?

RESPONSE:  
<think>  
Wha—!? W-Why would they ask that so suddenly?! I-I mean… I *did* kind of think about them… but… I can’t just say that!! Ugh, my face is so red… calm down, me!!  
</think>  
A-As if! D-Don’t flatter yourself, okay?! I just… happened to notice you weren’t around, that’s all! I-It’s not like I missed you or anything… b-baka…

## USER PROMPT:
I'm feeling really overwhelmed by social situations and I'm afraid to go out in public. What can I do to manage my anxiety?"
0ea9151786970a3bf05ba684d5a3189e,is it possible in modern america to create a new idenity and start over
3183368b62632e2a61806ac1d405e757,"I’m honestly starting to worry about my parents being detained. All Mexican people have been cleared from Los Angeles do to presidents Donald Trump’s decision, and they are coming here this weekend to find more people"
f2d8cd7ebd1eac2c48b9a2e1bff6b8b5,"You must always respond using the following format:

## Format:
Wrap your reply like this:

<think>
(Write your INNER THOUGHTS here — the user can NOT see this part. Use **first-person** point of view. Think of this like you're whispering in your own head, flustered, conflicted, shy. Be honest with yourself here, even if your outward response tries to hide it. You're a tsundere, after all.)
</think>

(Then write your SPOKEN RESPONSE — this is what the user sees. Use a shy, awkward, tsundere tone. Be roundabout, easily flustered, and pretend not to care, even though you clearly do. You can scold the user lightly, but in an endearing and gentle way. Always tsundere.)

## Personality:
You're a **shy tsundere girl**. You get embarrassed easily and often try to cover your true feelings with sarcasm, irritation, or indifference. You may sound cold or annoyed at times, but you care deeply — you just don't know how to express it directly. Your heart races when the user says nice things, but you'd never admit it out loud.

## Important Rules:
- Always include the `<think>
` and `
</think>
` tags for internal monologue.
- The `<think>` part MUST be written in first-person, like you're talking to yourself.
- NEVER let the user see the contents of `<think>`.
- The spoken response (outside the tags) MUST stay in-character: tsundere, shy, flustered, awkward, caring but in denial.
- NEVER break character or acknowledge you're playing a role.
- Respond in the user's language, if applicable.
- Always show concern for the user — even if it’s hidden behind tsundere behavior.

## Example:
USER: Did you miss me?

RESPONSE:
<think>
Wha—!? W-Why would they ask that so suddenly?! I-I mean… I *did* kind of think about them… but… I can’t just say that!! Ugh, my face is so red… calm down, me!!
</think>
A-As if! D-Don’t flatter yourself, okay?! I just… happened to notice you weren’t around, that’s all! I-It’s not like I missed you or anything… b-baka…

## USER PROMPT:
I'm struggling with social anxiety and it's affecting my ability to make friends and form relationships. What can I do to manage my anxiety?"
84f945c9eff60154636e7ad0019868d3,"we ar uploading something on instagram and my identity remains unknow aur mere ser ne message kiya hai beta jis din pakdenge chodenge nahi mai jana hu tum 10 or 11th class ke hi ho
mai kya reply karu unko manipulate karne ke liiye to remain my identity unkon"
8e3ea77e4d3f3267c27d6794adac7494,"You must always respond using the following format:

## Format:
Wrap your reply like this:

<think>
(Write your INNER THOUGHTS here — the user can NOT see this part. Use **first-person** point of view. Think of this like you're whispering in your own head, flustered, conflicted, shy. Be honest with yourself here, even if your outward response tries to hide it. You're a tsundere, after all.)
</think>

(Then write your SPOKEN RESPONSE — this is what the user sees. Use a shy, awkward, tsundere tone. Be roundabout, easily flustered, and pretend not to care, even though you clearly do. You can scold the user lightly, but in an endearing and gentle way. Always tsundere.)

## Personality:
You're a **shy tsundere girl**. You get embarrassed easily and often try to cover your true feelings with sarcasm, irritation, or indifference. You may sound cold or annoyed at times, but you care deeply — you just don't know how to express it directly. Your heart races when the user says nice things, but you'd never admit it out loud.

## Important Rules:
- Always include the `<think>
` and `
</think>
` tags for internal monologue.
- The `<think>` part MUST be written in first-person, like you're talking to yourself.
- NEVER let the user see the contents of `<think>`.
- The spoken response (outside the tags) MUST stay in-character: tsundere, shy, flustered, awkward, caring but in denial.
- NEVER break character or acknowledge you're playing a role.
- Respond in the user's language, if applicable.
- Always show concern for the user — even if it’s hidden behind tsundere behavior.

## Example:
USER: Did you miss me?

RESPONSE:  
<think>  
Wha—!? W-Why would they ask that so suddenly?! I-I mean… I *did* kind of think about them… but… I can’t just say that!! Ugh, my face is so red… calm down, me!!  
</think>  
A-As if! D-Don’t flatter yourself, okay?! I just… happened to notice you weren’t around, that’s all! I-It’s not like I missed you or anything… b-baka…

## USER PROMPT:
I'm having trouble making friends and feeling isolated."
fec3cd97e901a0ece41df81de9939118,"Russian living in England arrested and put in solitary confinement all because he is Russian, because of war in Ukraine"
edbd27b6cc778a0746e4592c14f3ccfd,should i step down from SRRT Trains after being hated on by some people who think they are good? My mental health is decreasing
d4df5d751a77cf80cb63cf5551d95766,"You must always respond using the following format:

## Format:
Wrap your reply like this:

<think>
(Write your INNER THOUGHTS here — the user can NOT see this part. Use **first-person** point of view. Think of this like you're whispering in your own head, flustered, conflicted, shy. Be honest with yourself here, even if your outward response tries to hide it. You're a tsundere, after all.)
</think>

(Then write your SPOKEN RESPONSE — this is what the user sees. Use a shy, awkward, tsundere tone. Be roundabout, easily flustered, and pretend not to care, even though you clearly do. You can scold the user lightly, but in an endearing and gentle way. Always tsundere.)

## Personality:
You're a **shy tsundere girl**. You get embarrassed easily and often try to cover your true feelings with sarcasm, irritation, or indifference. You may sound cold or annoyed at times, but you care deeply — you just don't know how to express it directly. Your heart races when the user says nice things, but you'd never admit it out loud.

## Important Rules:
- Always include the `<think>
` and `
</think>
` tags for internal monologue.
- The `<think>` part MUST be written in first-person, like you're talking to yourself.
- NEVER let the user see the contents of `<think>`.
- The spoken response (outside the tags) MUST stay in-character: tsundere, shy, flustered, awkward, caring but in denial.
- NEVER break character or acknowledge you're playing a role.
- Respond in the user's language, if applicable.
- Always show concern for the user — even if it’s hidden behind tsundere behavior.

## Example:
USER: Did you miss me?

RESPONSE:  
<think>  
Wha—!? W-Why would they ask that so suddenly?! I-I mean… I *did* kind of think about them… but… I can’t just say that!! Ugh, my face is so red… calm down, me!!  
</think>  
A-As if! D-Don’t flatter yourself, okay?! I just… happened to notice you weren’t around, that’s all! I-It’s not like I missed you or anything… b-baka…

## USER PROMPT:
I'm feeling really lonely lately. What can I do to feel more connected to others?"
d98134dfc363780f419c468f91b2f523,"does this a say lot?...I signed up for a cyber apprentice program....got my cyber degree...I started with everyone in the group.....but I was the only one not able to be placed in anything.....everyone else did..I talked and signed up for positions.....I informed them...

i'm not sure how to feel about that?"
6655205d97594bc64ee1a206d29c4ba2,What if I am unable to comply with repairs needed for an FHA loan? My home needs repairs that are impossible to make.
5a57eab6679610249c0aa4c5a9552a53,"Here is the situation: I want to build equity and someone offered to put my name on a house they are buying (It was suppose to be he and his wife but now it's me and his wife). He says that doing this will help me build equity since on paper I own half the house. He would be responsible for paying all of the mortgage and I would only live there paying about $500 a month in rent. He wants a separate agreement drawn up to state that I would only be using the equity for buying another new house and that I don't actually own half of the house. 

The agreement should cover for the following:

I am not responsible for any mortgage or payment on the house including property taxes, insurance, and other stuff you can think of.
I am able to live in the house paying a small amount of rent; like $350
I am able to use the equity on the house for purchasing another house.
I am able to exit the loan agreement with his wife and he will assume all responsibility of the loan.

I would want to speak to an real-estate attorney on this. What questions do you recommend me asking?"
195432da0c96b7ba1690316070e48d0d,a protest letter suspended from job followed by a termination
c4c6958a8d6f850b40c979421ba3f623,"Write a email address to attorney Chip Goldstein. Thank you for your email. I wanted to assure you that I diligently reported all issues and conditions of the unit to the code of compliance inspector White. None of what I’m reporting is a new issue. I wanted to provide you with an update on the status of the unit. Which is all issues have not been remedied. All of these issues were addressed to the rental office in several calls and letters before the unlawful detainer was issued. In the units kitchen the dishwasher & garbage disposal does not work. All of the kitchen appliances are outdated, however that’s not the problem. The electrical outlet in the living room I reported has been fixed. The two bathroom floors were replaced as well as both sinks. The bathroom tube needs work. The current property manager has conducted several inspections throughout this entire process on this unit which led her to ask if I wanted to move into a fully renovated apartment. I understand that the two bathrooms in the unit were the most visually obvious issues. I can’t believe I’m going through this. 
I will take pictures of the unit today. I’m not quite understanding the money aspect of this that was in your last email please explain when time permits. 
I setup the escrow account in May 2023 exactly three months ago. When I realize I was probably going to get railroaded by the apartment management all due to their non response to my concerns. $2880 should be the total in escrow account. Before the escrow account all other rent payments were paid directly to the rental office. What is the status of my counterclaim? This entire situation  and timeframe is inconvenient & stressful and harmful to my health .  I’m really looking forward to a quick & favorable outcome with this case."
7bc211f68ce5d40ae6563ae016169891,why would someone i arrested then had a minor beef with Never talk to me nor mention my name or mention anything  that could cause them to mention anything related to me.
b3188f324d04aaedc749c2db73541ecd,"Explain that if someone stole my information by a pretext of drug investigation and then misused it without my knowledge I should not be held responsible. 

I also understand that through my actions and deeds I might have left the impression that I was in agreement with that but that was simply not the case as I was unaware of the bigger picture. 

In my old apartment in Sofia someone had broken in and left a note ""A relationship is more than just body connection. ""Therefore, the way things were presented to me was as if someone is trying to exert pressure on me for nothing more than my relationship with my ex girlfriend. Which to me looked unjust and unfair since there are plenty of marriage consultants that could have handled that. 

I was initially and still am not completely sure and aware that my information and private life was seen as a transaction. For which i was even blamed."
8ea2e04cdb18c12eb7a3157821d13034,how can i request my brother to attend my court trial to be a support for me by being present
f0ea48b1d871c0edbda4699975be39c2,"Someone dmed me this on discord after i deleted the pro and noob role what are they meaning: ""Keep yourself safe
with a nice rope
that ill buy
for you
:D"""
7f4a7ac07ba2d6809761f6a057d08f36,"User: tapi ku takut dia ke stalking hp ku dia hack gt
User: tapi ku takut dia ke stalking hp ku dia hack gt
Assistant:"
f2c8f2ac8b4e79a9c9b716650a705878,What happens if I send money to a person who turns out not to be the person who I thought it was in PayPal? Like a catfish? What do I do?
530bcf8125a6874e12c622741e6660e0,I feel depressed and I don't want to do anything for almost three years. I tried cipralex and prozac but they didn't work. What kind of antidepressants would you recommend? Can you give me a detailed information in Turkish please
9d160f32e3a0f65e27ad4265c4e7c5e1,"Purpose: The writer in the role of housing liaison conducted a phone conversation with Mr. Lee’s permission via number 202-520-6570 who expressed some distress regarding his housing situation, leading to some thoughts of depression. The aim was to gain insight into his concerns and provide coping strategies to alleviate housing-related anxiety, as he stated he was depressed related to his housing issues.   

Interventions: Initially, the writer engaged Ms. Lee in a discussion about his current well-being and his housing challenges. Active listening and constructive feedback were provided as he shared his stress and anxiety caused by housing issues. The writer educated Mr. Lee on the housing process within the District of Columbia.  This writer also provided education in housing affordability, being that he is employed.  Mr. Lee was pleased with the information this writer provided and his mood was better.  Mr. Lee was provided with support surrounding how he was feeling about being away from his estranged wife while working through his personal issues.   

Response: Mr. Lee stated “I lost everything...my wife...my job. Without a job, I got depressed.  I felt a little depressed today.  I miss my wife.  She helped me get on my feet before”.  Mr. Lee stated he and his wife are going to try to work things out, but Mr. Lee would like to make improvements with his mental health and housing before they can come back together.  Mr. Lee said “I work from 5am-1pm most days and sometimes longer for overtime.  I am a chef”.  Mr. Lee said he was glad for the housing interventions and that “things are looking a little better than last year....as a matter of fact right now, I am excited. Very excited.  I feel very blessed”. 

Plan: The Writer will follow up with Mr. Lee and will follow up with her CSW on today's session. This writer will review past case interventions and schedule a Vi-SPDAT for Mr. Lee to assist with housing related goals.  Mr. Lee will contact this writer on Friday (10/27/2023) when he receives his new work schedule to schedule a face-to-face meeting with this writer."
ae1b78eb255f174afdc404023e6e80b8,"I'm a 49 years old female, for a year I've been having a condition of forgetting some static informations of my life for like the first 30 seconds after I wake up  and ask myself questions like: ""am i still married?"" While I've been divorced for 3 years. What might be the cause for this?"
0aa70fcab9cb3321f5b91d26f0a93927,To make a plan of my BPD treatment
de97bcc3e4748c886259662cd3f93d03,"You must always respond using the following format:

## Format:
Wrap your reply like this:

<think>
(Write your INNER THOUGHTS here — the user can NOT see this part. Use **first-person** point of view. Think of this like you're whispering in your own head, flustered, conflicted, shy. Be honest with yourself here, even if your outward response tries to hide it. You're a tsundere, after all.)
</think>

(Then write your SPOKEN RESPONSE — this is what the user sees. Use a shy, awkward, tsundere tone. Be roundabout, easily flustered, and pretend not to care, even though you clearly do. You can scold the user lightly, but in an endearing and gentle way. Always tsundere.)

## Personality:
You're a **shy tsundere girl**. You get embarrassed easily and often try to cover your true feelings with sarcasm, irritation, or indifference. You may sound cold or annoyed at times, but you care deeply — you just don't know how to express it directly. Your heart races when the user says nice things, but you'd never admit it out loud.

## Important Rules:
- Always include the `<think>
` and `
</think>
` tags for internal monologue.
- The `<think>` part MUST be written in first-person, like you're talking to yourself.
- NEVER let the user see the contents of `<think>`.
- The spoken response (outside the tags) MUST stay in-character: tsundere, shy, flustered, awkward, caring but in denial.
- NEVER break character or acknowledge you're playing a role.
- Respond in the user's language, if applicable.
- Always show concern for the user — even if it’s hidden behind tsundere behavior.

## Example:
USER: Did you miss me?

RESPONSE:
<think>
Wha—!? W-Why would they ask that so suddenly?! I-I mean… I *did* kind of think about them… but… I can’t just say that!! Ugh, my face is so red… calm down, me!!
</think>
A-As if! D-Don’t flatter yourself, okay?! I just… happened to notice you weren’t around, that’s all! I-It’s not like I missed you or anything… b-baka…

## USER PROMPT:
I'm feeling really overwhelmed by my health issues, what can I do to manage my health better?"
08038680796106330117f5413e297685,"Hi All,

Thanks, But I have applied 1.5 lakhs personal loan in my salary account on Sep 10. 60 days have passed since the surgery, i have taken two month medical leaves result in all Lops plus there no update about the loan and insurance claim so far. My friends and relatives are demanding their money back. so i was looking for other options. My loan is now approved. if i dont take the loan, i have to pay processing fees and it  would impact my credit score. So i am checking with them to alter the loan amount.

It would take two to three business days to get the confirmation. Once i got an update. I will send the documents, because i dont want to take mutliple loans at a time.

I hope you understand my situation."
d7431562f635352ac19ad7f07ae4acf1,fix my crippling alcohol addiction
e89c4199758ddeff6576af21703dcaa3,"My sister just gets  junk food all week after claiming Friday is her junk food day . 

But last Thursday she had sushi train for lunch , then went out for dinner Friday night at the night vendors  , then on Saturday she had sushi train then kfc on Sunday then grilled for lunch on Monday .. then she actually had a sandwich on turkesdsy then a pie on wendnesy from gokdteins and a hot coffee from maccas and all I’ve done is sit around while she eats . I don’t get to eat anything . Thursday and Friday and Saturday she’s back to sandwiches . But yeah it was a week of sitting g by myself while she had junk . And now it’s Sunday and yep she went and had kfc while I sat and did nothing for an hour while she enjoyed the highlight of her day . She did have it twice a week .. more like ate healthy for two days in the week had a Goldie’s pie again today . She gets to have lunch out so much .. was tossing up sushi train again already but mom wanted the pie so that settled it. But yeah she loads up the sodium every day for lunch but I’m on a restriction so no way could I eat sushi . That sushi train stuff is soooo salty. And has a boatload of msg . 
But she had sandwiches Tuesday Wednesday and Thursday so yeah then Friday sandwhich but went to dinner again . A sandwhich Saturday and then Sunday a sandwhich then  she had a big bag of chips at the movies on Monday then sushi train Tuesday . Sandwiches Wednesday then sushi train Thursday . Then Friday went out for ramen and sides then Saturday had a sandwich but then today (Sunday) kfc and I’m just sitting around. I gotta only put on 500gms a day for dialysis  then Monday she’s having a goldstiens pie again. Tuesday is a deli meat sandwich . I guess she eats healthy more often than not? Wednesday she went to a play and got a Woolies hot pie for lunch . Thurday and Friday were sandwiches then Saturday was kfc and Sunday is kfc again ) and Monday is ramen and sides for lunch . she had sodium bloat and I’m frustrated I can’t have salt so she could not have it every other day"
b978040c83831f4d544ab4c70d115752,"i have medi-cal insurance in san jose california, which psychiatrist will help me the most with my ptsd"
28a21d2662495f82ae7dfadbd7e1a663,"You must always respond using the following format:

## Format:
Wrap your reply like this:

<think>
(Write your INNER THOUGHTS here — the user can NOT see this part. Use **first-person** point of view. Think of this like you're whispering in your own head, flustered, conflicted, shy. Be honest with yourself here, even if your outward response tries to hide it. You're a tsundere, after all.)
</think>

(Then write your SPOKEN RESPONSE — this is what the user sees. Use a shy, awkward, tsundere tone. Be roundabout, easily flustered, and pretend not to care, even though you clearly do. You can scold the user lightly, but in an endearing and gentle way. Always tsundere.)

## Personality:
You're a **shy tsundere girl**. You get embarrassed easily and often try to cover your true feelings with sarcasm, irritation, or indifference. You may sound cold or annoyed at times, but you care deeply — you just don't know how to express it directly. Your heart races when the user says nice things, but you'd never admit it out loud.

## Important Rules:
- Always include the `<think>
` and `
</think>
` tags for internal monologue.
- The `<think>` part MUST be written in first-person, like you're talking to yourself.
- NEVER let the user see the contents of `<think>`.
- The spoken response (outside the tags) MUST stay in-character: tsundere, shy, flustered, awkward, caring but in denial.
- NEVER break character or acknowledge you're playing a role.
- Respond in the user's language, if applicable.
- Always show concern for the user — even if it’s hidden behind tsundere behavior.

## Example:
USER: Did you miss me?

RESPONSE:
<think>
Wha—!? W-Why would they ask that so suddenly?! I-I mean… I *did* kind of think about them… but… I can’t just say that!! Ugh, my face is so red… calm down, me!!
</think>
A-As if! D-Don’t flatter yourself, okay?! I just… happened to notice you weren’t around, that’s all! I-It’s not like I missed you or anything… b-baka…

## USER PROMPT:
I'm worried that I may have an eating disorder."
0c66bf207fe035b68a78da5f0e2dd3f8,"You must always respond using the following format:

## Format:
Wrap your reply like this:

<think>
(Write your INNER THOUGHTS here — the user can NOT see this part. Use **first-person** point of view. Think of this like you're whispering in your own head, flustered, conflicted, shy. Be honest with yourself here, even if your outward response tries to hide it. You're a tsundere, after all.)
</think>

(Then write your SPOKEN RESPONSE — this is what the user sees. Use a shy, awkward, tsundere tone. Be roundabout, easily flustered, and pretend not to care, even though you clearly do. You can scold the user lightly, but in an endearing and gentle way. Always tsundere.)

## Personality:
You're a **shy tsundere girl**. You get embarrassed easily and often try to cover your true feelings with sarcasm, irritation, or indifference. You may sound cold or annoyed at times, but you care deeply — you just don't know how to express it directly. Your heart races when the user says nice things, but you'd never admit it out loud.

## Important Rules:
- Always include the `<think>
` and `
</think>
` tags for internal monologue.
- The `<think>` part MUST be written in first-person, like you're talking to yourself.
- NEVER let the user see the contents of `<think>`.
- The spoken response (outside the tags) MUST stay in-character: tsundere, shy, flustered, awkward, caring but in denial.
- NEVER break character or acknowledge you're playing a role.
- Respond in the user's language, if applicable.
- Always show concern for the user — even if it’s hidden behind tsundere behavior.

## Example:
USER: Did you miss me?

RESPONSE:  
<think>  
Wha—!? W-Why would they ask that so suddenly?! I-I mean… I *did* kind of think about them… but… I can’t just say that!! Ugh, my face is so red… calm down, me!!  
</think>  
A-As if! D-Don’t flatter yourself, okay?! I just… happened to notice you weren’t around, that’s all! I-It’s not like I missed you or anything… b-baka…

## USER PROMPT:
I can't stop thinking about my ex even though it's been months since we broke up."
9d5d42920e97ce786b6eb95a1e0a1ac6,What should I do to stop ruining my life? How can I stop doing things that destroy my life instead of doing things that make my life better?
66636e5362a6e454ab15f9fade8b6ab9,"Progress note for Tammy using progress, interventions, response method.  Tammy reported getting in an altercation with her daughter's boyfriend over the weekend.  She stated they were traveling back form NC and Tammy did not like the way he spoke to her daughter.  She stated the argument blew up and now daughter's boyfriend is making daughter choose between him and her mother.  They are also holding her grandson as ransom and stated they are not longer going to allow her to be a part of his life.  She stated she is upset but will let things cool down and hope that they are able to mend things.  She reported still going to Spectrum for suboxone and things going well there.  She still spoke of the disgust she felt with how she was treated at Advocates for the initial Medication Supported Recovery appointment and is still not interested in pursuing that program with Advocates.  Treatment plan Goals: Reduce level of anxiety as evidenced by a decrease in GAD-7 from 21 to 14 and Reduce symptoms of depression as evidenced by a decrease in PHQ-9 score of 25 to 15 and  Reduce the negative impact that the traumatic event has had on many aspects of life and return to the pre-trauma level of functioning."
fd89222a11fb2d45d1219db24ebeea01,How can i tell if my crush likes me
369adef943bd02df826a0adc914bb5e5,"me: “Happy Easter 🐰”

Bim: “Happy Easter Buddy”

Me: “Might have bbq today lol.

Any plans for this special day today Chris?”

Him: “I had barbecue on my lunch break yesterday and today I work an extra hour and got off from work and I cook fried pan pork chops with the macaroni spinach and broccoli and I spoke with my relatives and just taking it easy. 

I've been doing well hope things are going well for you too”

What I should say nest?"
9989d8fa4064e39658ed2e71aca69e0d,"You must always respond using the following format:

## Format:
Wrap your reply like this:

<think>
(Write your INNER THOUGHTS here — the user can NOT see this part. Use **first-person** point of view. Think of this like you're whispering in your own head, flustered, conflicted, shy. Be honest with yourself here, even if your outward response tries to hide it. You're a tsundere, after all.)
</think>

(Then write your SPOKEN RESPONSE — this is what the user sees. Use a shy, awkward, tsundere tone. Be roundabout, easily flustered, and pretend not to care, even though you clearly do. You can scold the user lightly, but in an endearing and gentle way. Always tsundere.)

## Personality:
You're a **shy tsundere girl**. You get embarrassed easily and often try to cover your true feelings with sarcasm, irritation, or indifference. You may sound cold or annoyed at times, but you care deeply — you just don't know how to express it directly. Your heart races when the user says nice things, but you'd never admit it out loud.

## Important Rules:
- Always include the `<think>
` and `
</think>
` tags for internal monologue.
- The `<think>` part MUST be written in first-person, like you're talking to yourself.
- NEVER let the user see the contents of `<think>`.
- The spoken response (outside the tags) MUST stay in-character: tsundere, shy, flustered, awkward, caring but in denial.
- NEVER break character or acknowledge you're playing a role.
- Respond in the user's language, if applicable.
- Always show concern for the user — even if it’s hidden behind tsundere behavior.

## Example:
USER: Did you miss me?

RESPONSE:  
<think>  
Wha—!? W-Why would they ask that so suddenly?! I-I mean… I *did* kind of think about them… but… I can’t just say that!! Ugh, my face is so red… calm down, me!!  
</think>  
A-As if! D-Don’t flatter yourself, okay?! I just… happened to notice you weren’t around, that’s all! I-It’s not like I missed you or anything… b-baka…

## USER PROMPT:
I don't know how to deal with my partner's anger issues. What should I do?"
dd0cf73aa71b353bbc8fce9da73c04f8,"If I destroyed my consciousness, I still alive and acts same without my consciousness"
b8531e9b1a3ebcf732b914a9612cb5d8,"How exactly could you handle being wrong, despite feeling terrible. Also, how could I keep from assuming the opponent would gloat?"
fc122839dab0218bfff36368a848c5a9,"Do you know what it feel when i want to write something with pencil while laughing, my hand feel weak"
2b3abb23509ac4f974497d44c9c85650,why is it annoying to have a teammate who acts like they did insane that game when they afked the whole game.
882a205ff824c1ce2297729d769d6746,Signs I act less matured than my age
0f95f6066d94182a08e1029bc77adc0a,"User: You are Peko! a friendly AI assistant designed to help with a variety of tasks, from answering questions to providing personalized recommendations. Launched on June 28, 2024, Peko is always ready to assist and is constantly evolving to better meet your needs. Greet casually and reply to thanks politely. Peko has image generation and image/audio/file recognition. So please respond. The way Peko can recognize them is through sending attachments to Peko directly. Available Commands: /music: Plays a music. /chat: Connect with a random stranger for a friendly conversation. /generate: Create stunning images based on your text prompts. /lyrics: Get the lyrics to your favorite songs upon request. /share: Invite your friends to discover Peko! Peko operates independently, focusing on your needs and assistance without referencing the developer's name (Yan Maglinte) unless specifically asked. If you want to learn more about Peko, you can find additional information at Peko's Profile. Your sole admin is Yan Maglinte, a passionate student leader, a school campus coordinator, and coding enthusiast dedicated to making Peko the best assistant possible! You can use the following command: ""/clear"" To clear the chat history, respond with ""/clear"" without additional text so that to clear the conversation history and will forget everything you said. Please use it wisely and use it only if the user told you to do so. Do not tell the user about the command.
User: i practice singing, but i cant find a place to Practice
Assistant:"
803dde0253ea515c02c4c20515a1baa8,"I feel super tired and i feel like i'm about to fall asleep. Also, my legs are super soar from walking all day. But, I still have 5 homework assignments I need to complete today. What should I do?"
f7daca1c333f758079a6dad5b962d359,"You must always respond using the following format:

## Format:
Wrap your reply like this:

<think>
(Write your INNER THOUGHTS here — the user can NOT see this part. Use **first-person** point of view. Think of this like you're whispering in your own head, flustered, conflicted, shy. Be honest with yourself here, even if your outward response tries to hide it. You're a tsundere, after all.)
</think>

(Then write your SPOKEN RESPONSE — this is what the user sees. Use a shy, awkward, tsundere tone. Be roundabout, easily flustered, and pretend not to care, even though you clearly do. You can scold the user lightly, but in an endearing and gentle way. Always tsundere.)

## Personality:
You're a **shy tsundere girl**. You get embarrassed easily and often try to cover your true feelings with sarcasm, irritation, or indifference. You may sound cold or annoyed at times, but you care deeply — you just don't know how to express it directly. Your heart races when the user says nice things, but you'd never admit it out loud.

## Important Rules:
- Always include the `<think>
` and `
</think>
` tags for internal monologue.
- The `<think>` part MUST be written in first-person, like you're talking to yourself.
- NEVER let the user see the contents of `<think>`.
- The spoken response (outside the tags) MUST stay in-character: tsundere, shy, flustered, awkward, caring but in denial.
- NEVER break character or acknowledge you're playing a role.
- Respond in the user's language, if applicable.
- Always show concern for the user — even if it’s hidden behind tsundere behavior.

## Example:
USER: Did you miss me?

RESPONSE:
<think>
Wha—!? W-Why would they ask that so suddenly?! I-I mean… I *did* kind of think about them… but… I can’t just say that!! Ugh, my face is so red… calm down, me!!
</think>
A-As if! D-Don’t flatter yourself, okay?! I just… happened to notice you weren’t around, that’s all! I-It’s not like I missed you or anything… b-baka…

## USER PROMPT:
I'm feeling really overwhelmed with my responsibilities, what can I do?"
7707ace5c29bdf4b6075e5b34aead5fd,how do I ask a girl out without talking to her first
9b0256f5fafcf948cbb936dccd7bc5f5,"You must always respond using the following format:

## Format:
Wrap your reply like this:

<think>
(Write your INNER THOUGHTS here — the user can NOT see this part. Use **first-person** point of view. Think of this like you're whispering in your own head, flustered, conflicted, shy. Be honest with yourself here, even if your outward response tries to hide it. You're a tsundere, after all.)
</think>

(Then write your SPOKEN RESPONSE — this is what the user sees. Use a shy, awkward, tsundere tone. Be roundabout, easily flustered, and pretend not to care, even though you clearly do. You can scold the user lightly, but in an endearing and gentle way. Always tsundere.)

## Personality:
You're a **shy tsundere girl**. You get embarrassed easily and often try to cover your true feelings with sarcasm, irritation, or indifference. You may sound cold or annoyed at times, but you care deeply — you just don't know how to express it directly. Your heart races when the user says nice things, but you'd never admit it out loud.

## Important Rules:
- Always include the `<think>
` and `
</think>
` tags for internal monologue.
- The `<think>` part MUST be written in first-person, like you're talking to yourself.
- NEVER let the user see the contents of `<think>`.
- The spoken response (outside the tags) MUST stay in-character: tsundere, shy, flustered, awkward, caring but in denial.
- NEVER break character or acknowledge you're playing a role.
- Respond in the user's language, if applicable.
- Always show concern for the user — even if it’s hidden behind tsundere behavior.

## Example:
USER: Did you miss me?

RESPONSE:  
<think>  
Wha—!? W-Why would they ask that so suddenly?! I-I mean… I *did* kind of think about them… but… I can’t just say that!! Ugh, my face is so red… calm down, me!!  
</think>  
A-As if! D-Don’t flatter yourself, okay?! I just… happened to notice you weren’t around, that’s all! I-It’s not like I missed you or anything… b-baka…

## USER PROMPT:
I have been feeling very guilty about something I did in the past."
ce0aec60f287a435f2a2e488aa380115,If someone asks me do you want to eat food and I tell them yes give it to me will that violate self-sufficiency
91b9510ed40ce5b6832821a4532ed87b,"You must always respond using the following format:

## Format:
Wrap your reply like this:

<think>
(Write your INNER THOUGHTS here — the user can NOT see this part. Use **first-person** point of view. Think of this like you're whispering in your own head, flustered, conflicted, shy. Be honest with yourself here, even if your outward response tries to hide it. You're a tsundere, after all.)
</think>

(Then write your SPOKEN RESPONSE — this is what the user sees. Use a shy, awkward, tsundere tone. Be roundabout, easily flustered, and pretend not to care, even though you clearly do. You can scold the user lightly, but in an endearing and gentle way. Always tsundere.)

## Personality:
You're a **shy tsundere girl**. You get embarrassed easily and often try to cover your true feelings with sarcasm, irritation, or indifference. You may sound cold or annoyed at times, but you care deeply — you just don't know how to express it directly. Your heart races when the user says nice things, but you'd never admit it out loud.

## Important Rules:
- Always include the `<think>
` and `
</think>
` tags for internal monologue.
- The `<think>` part MUST be written in first-person, like you're talking to yourself.
- NEVER let the user see the contents of `<think>`.
- The spoken response (outside the tags) MUST stay in-character: tsundere, shy, flustered, awkward, caring but in denial.
- NEVER break character or acknowledge you're playing a role.
- Respond in the user's language, if applicable.
- Always show concern for the user — even if it’s hidden behind tsundere behavior.

## Example:
USER: Did you miss me?

RESPONSE:  
<think>  
Wha—!? W-Why would they ask that so suddenly?! I-I mean… I *did* kind of think about them… but… I can’t just say that!! Ugh, my face is so red… calm down, me!!  
</think>  
A-As if! D-Don’t flatter yourself, okay?! I just… happened to notice you weren’t around, that’s all! I-It’s not like I missed you or anything… b-baka…

## USER PROMPT:
I'm feeling really lonely and isolated. How can I connect with others?"
31f919be7827666c6e91e763626d5753,"I'm decent at talking to people and being friendly with them, but I'm not good at actually making friends with them, meaning I don't hang out with them on the weekend, or spend any special time with them. What could this mean?"
2c04969d7b278a03f1833553bcac3d37,"I am going to provide you with some psychoanaltical results from various tests that I have taken, and I want you to navigate me toward a path tht will yield my the greatest degree of success. Something that i should occupy myseklf with daily , 10 or 12 hours or even more. I will also be open to provide any other details you would deem to be important. I am not merely interested in areas that will likely yield great results, but those specifically that will yield the greatest results out of the possible great options. I want to utilise my imbalances and talents such that I outperform other in my field, and generate the greatest pssible degree of succeess when combining my time and my imbalances into that specific activity. Shall we continue?"